[{"model": "auth.user", "pk": 1, "fields": {"password": "pbkdf2_sha256$320000$XdDRDULnUyNpxLILFhbSxD$UGnlcIqhgvjf9bMMDM7Iw7M3zNEhRyHngQS3SbXlckQ=", "last_login": "2022-05-03T18:36:07.622Z", "is_superuser": true, "username": "admin", "first_name": "", "last_name": "", "email": "a@a.com", "is_staff": true, "is_active": true, "date_joined": "2022-04-06T18:09:31.767Z", "groups": [], "user_permissions": []}}, {"model": "auth.user", "pk": 2, "fields": {"password": "pbkdf2_sha256$320000$7SCTe32r2Vh8RQcOsZvsw2$OzQlivjkyNelo0l0NGBbJXpmvBRvMnjkjEu7ykQavhU=", "last_login": "2022-04-21T14:34:03.071Z", "is_superuser": true, "username": "ilhamdc7", "first_name": "", "last_name": "", "email": "ilhamdc7@gmail.com", "is_staff": true, "is_active": true, "date_joined": "2022-04-21T14:33:46.711Z", "groups": [], "user_permissions": []}}, {"model": "sessions.session", "pk": "8543txdd7wpmj4dqd7zx4lrsoy8w70h5", "fields": {"session_data": ".eJxVjEEOwiAQRe_C2pB2mIK4dO8ZCMxMpWogKe3KeHfbpAvd_vfef6sQ1yWHtckcJlYXBer0u6VITyk74Ecs96qplmWekt4VfdCmb5XldT3cv4McW95qHwXBcTIOGBxicsKdNc4PowBCEkHuWbwfmMiMXTwb6wmsFdoI9urzBetEOEI:1nhXsh:SF_6W9uN-wJguao3eCRX28LETIsy85rHIizEimGX65w", "expire_date": "2022-05-05T14:34:03.074Z"}}, {"model": "sessions.session", "pk": "92q9clv33intie84ssnkyae1edc3xj5n", "fields": {"session_data": ".eJxVjMsOwiAQRf-FtSE8y-DSvd9ABhikaiAp7cr479qkC93ec859sYDbWsM2aAlzZmcm2el3i5ge1HaQ79hunafe1mWOfFf4QQe_9kzPy-H-HVQc9VsXJPA0GTTSaEFKaqWTopw0kPBOgk-ABeTkhMu2RHBoyWapPURKDtj7A9vXN7o:1ncSsg:x1J8CPrLzcWHbx6CfmAEtJde51z1QIOKUG-dLyo7ViQ", "expire_date": "2022-04-21T14:13:02.291Z"}}, {"model": "sessions.session", "pk": "dqsjrwlmi3bqquw7kg94pfsqjancis1n", "fields": {"session_data": ".eJxVjMsOwiAQRf-FtSE8y-DSvd9ABhikaiAp7cr479qkC93ec859sYDbWsM2aAlzZmcm2el3i5ge1HaQ79hunafe1mWOfFf4QQe_9kzPy-H-HVQc9VsXJPA0GTTSaEFKaqWTopw0kPBOgk-ABeTkhMu2RHBoyWapPURKDtj7A9vXN7o:1ncA6B:Ue9VGQqGQmiAFpRrS_bbSkzsphPqO7bsiD8HvIwWgrY", "expire_date": "2022-04-20T18:09:43.178Z"}}, {"model": "sessions.session", "pk": "emrt6klm307q6yduphazlwti5dd4juro", "fields": {"session_data": ".eJxVjMsOwiAQRf-FtSE8y-DSvd9ABhikaiAp7cr479qkC93ec859sYDbWsM2aAlzZmcm2el3i5ge1HaQ79hunafe1mWOfFf4QQe_9kzPy-H-HVQc9VsXJPA0GTTSaEFKaqWTopw0kPBOgk-ABeTkhMu2RHBoyWapPURKDtj7A9vXN7o:1nkNpm:gSCh9drAfEyLGVRXh996RNCPGAWkysJ_qlcSTiZP2A0", "expire_date": "2022-05-13T10:26:46.728Z"}}, {"model": "sessions.session", "pk": "eyc1uiehxjjrmwfbtcx6w98owbgqw7cn", "fields": {"session_data": ".eJxVjMsOwiAQRf-FtSE8y-DSvd9ABhikaiAp7cr479qkC93ec859sYDbWsM2aAlzZmcm2el3i5ge1HaQ79hunafe1mWOfFf4QQe_9kzPy-H-HVQc9VsXJPA0GTTSaEFKaqWTopw0kPBOgk-ABeTkhMu2RHBoyWapPURKDtj7A9vXN7o:1nlxNX:mUsEWDv0lowkSCUmr6AJ049slj5mDj6EUAAf9dF66aA", "expire_date": "2022-05-17T18:36:07.623Z"}}, {"model": "sessions.session", "pk": "gemffvqo9smdkq6beltjdijrqdhyvaq3", "fields": {"session_data": ".eJxVjMsOwiAQRf-FtSE8y-DSvd9ABhikaiAp7cr479qkC93ec859sYDbWsM2aAlzZmcm2el3i5ge1HaQ79hunafe1mWOfFf4QQe_9kzPy-H-HVQc9VsXJPA0GTTSaEFKaqWTopw0kPBOgk-ABeTkhMu2RHBoyWapPURKDtj7A9vXN7o:1nd8C3:GprKxBNa_FEcuXVug5tnBn_lrK9pkXJGopoqxxqATCA", "expire_date": "2022-04-23T10:19:47.093Z"}}, {"model": "core.product", "pk": 1, "fields": {"title": "Macbook Pro 13", "description": "The MacBook Pro is a line of Macintosh notebook computers introduced in January 2006 by Apple Inc. It is the higher-end model of the MacBook family, sitting above the consumer-focused MacBook Air, and is currently sold with 13-inch, 14-inch, and 16-inch screens.", "price": "3299.00", "operative_system": "", "has_cd_drive": false, "video_card": "Dedicated GPU", "screen_size": "13", "manufacturer_country": "USA", "slug": "macbook-pro-13-1", "brand": 1, "created_at": "2022-04-07T13:01:38.863Z", "updated_at": "2022-04-07T17:18:03.647Z", "colors": [1, 3]}}, {"model": "core.product", "pk": 2, "fields": {"title": "MSI GP76 Vector (360Hz)", "description": "-Model:GP76 Leopard\r\n-17.3\" FHD 360Hz, 100% sRGB IPS-Level True Color Display\r\n-Intel Core I7-12700H 8+6 Core Processor\r\n-NVIDIA® GeForce RTX™ 3060 Laptop GPU 6GB GDDR6\r\nUp to 1752MHz Boost Clock, 140W Maximum Graphics Power with Dynamic Boost.\r\n-1TB M.2 SSD slot (NVMe PCIe Gen4)\r\n-16GB DDR4 3200Mhz Memory\r\n-Per-Key RGB Backlight SteelSeries Keyboard\r\n-Killer ax Wi-Fi 6E + Bluetooth v5.2\r\n-Windows 10/11\r\n-Dynaudio HiRes Audio System\r\n-MSI Gift Box (Mouse+MousePad)", "price": "3899.00", "operative_system": "Windows 11 Pro", "has_cd_drive": false, "video_card": "NVIDIA® GeForce RTX™ 3060", "screen_size": "17.3", "manufacturer_country": "USA", "slug": "msi-gp76-vector-360hz-2", "brand": 2, "created_at": "2022-04-09T13:50:50.080Z", "updated_at": "2022-05-07T13:49:29.327Z", "colors": [4]}}, {"model": "core.image", "pk": 1, "fields": {"image": "images/download.png", "product": 1, "created_at": "2022-04-07T13:01:38.866Z", "updated_at": "2022-04-07T13:01:38.866Z"}}, {"model": "core.image", "pk": 2, "fields": {"image": "images/download_cXdVoNe.jpg", "product": 1, "created_at": "2022-04-07T13:01:38.866Z", "updated_at": "2022-04-07T13:28:15.866Z"}}, {"model": "core.image", "pk": 3, "fields": {"image": "images/apple-iphone-13-5g-dual-sim.jpeg", "product": 1, "created_at": "2022-04-07T17:18:03.648Z", "updated_at": "2022-04-07T17:18:03.648Z"}}, {"model": "core.image", "pk": 4, "fields": {"image": "images/product_16475505056d7c1b148c18ca1a54583140bdfa0536.png", "product": 2, "created_at": "2022-04-09T13:50:50.082Z", "updated_at": "2022-04-09T13:50:50.082Z"}}, {"model": "core.image", "pk": 5, "fields": {"image": "images/product_1619491076311a931f8642816ab7170380853441dc.png", "product": 2, "created_at": "2022-04-09T13:50:50.083Z", "updated_at": "2022-04-09T13:50:50.083Z"}}, {"model": "core.image", "pk": 6, "fields": {"image": "images/product_1619491076f2b732f6ac2a3c1b40d81faf279c94b6.png", "product": 2, "created_at": "2022-04-09T13:50:50.083Z", "updated_at": "2022-04-09T13:50:50.083Z"}}, {"model": "core.image", "pk": 7, "fields": {"image": "images/product_1619491078ff0421cabf02ba558047511f1a55df84.png", "product": 2, "created_at": "2022-04-09T13:50:50.084Z", "updated_at": "2022-04-09T13:50:50.084Z"}}, {"model": "core.image", "pk": 8, "fields": {"image": "images/product_16194910741683f3c466fcc027a4ca81ea65a9ae28.png", "product": 2, "created_at": "2022-04-09T13:50:50.084Z", "updated_at": "2022-04-09T13:50:50.084Z"}}, {"model": "core.ram", "pk": 1, "fields": {"title": "Kingston", "image": "", "added_price": "20.00", "amount": "16 GB", "product": 1, "created_at": "2022-04-07T14:24:33.509Z", "updated_at": "2022-04-07T14:24:33.509Z"}}, {"model": "core.ram", "pk": 2, "fields": {"title": "Kingston", "image": "", "added_price": "40.00", "amount": "32 GB", "product": 1, "created_at": "2022-04-07T14:24:33.509Z", "updated_at": "2022-04-07T14:24:33.509Z"}}, {"model": "core.ram", "pk": 3, "fields": {"title": "Kingston", "image": "", "added_price": "60.00", "amount": "64 GB", "product": 1, "created_at": "2022-04-07T14:24:33.510Z", "updated_at": "2022-04-07T14:24:33.510Z"}}, {"model": "core.ram", "pk": 4, "fields": {"title": "DDR4 3200Mhz Memory", "image": "", "added_price": "0.00", "amount": "16GB", "product": 2, "created_at": "2022-04-09T13:50:50.084Z", "updated_at": "2022-04-09T13:50:50.084Z"}}, {"model": "core.ram", "pk": 5, "fields": {"title": "DDR4 3200Mhz Memory", "image": "", "added_price": "500.00", "amount": "64GB", "product": 2, "created_at": "2022-04-09T13:50:50.085Z", "updated_at": "2022-04-09T13:50:50.085Z"}}, {"model": "core.brand", "pk": 1, "fields": {"title": "Apple", "logo": "images/Apple-logo-black-and-white.png", "created_at": "2022-04-09T10:22:05.684Z", "updated_at": "2022-04-09T10:22:05.689Z"}}, {"model": "core.brand", "pk": 2, "fields": {"title": "MSI", "logo": "images/MSI-Logo.png", "created_at": "2022-04-09T13:47:45.647Z", "updated_at": "2022-04-09T13:47:45.647Z"}}, {"model": "core.color", "pk": 1, "fields": {"title": "Space Gray", "created_at": "2022-04-09T10:22:05.692Z", "updated_at": "2022-04-09T10:22:05.694Z"}}, {"model": "core.color", "pk": 2, "fields": {"title": "Gold", "created_at": "2022-04-09T10:22:05.692Z", "updated_at": "2022-04-09T10:22:05.694Z"}}, {"model": "core.color", "pk": 3, "fields": {"title": "Silver", "created_at": "2022-04-09T10:22:05.692Z", "updated_at": "2022-04-09T10:22:05.694Z"}}, {"model": "core.color", "pk": 4, "fields": {"title": "Black", "created_at": "2022-04-09T13:47:58.447Z", "updated_at": "2022-04-09T13:47:58.447Z"}}, {"model": "core.ssd", "pk": 1, "fields": {"title": "Kingston", "image": "images/download_OvveZwo.png", "added_price": "0.00", "amount": "256 GB", "product": 2, "created_at": "2022-04-11T15:37:38.548Z", "updated_at": "2022-04-11T15:38:53.683Z"}}, {"model": "core.hdd", "pk": 1, "fields": {"title": "Toshiba", "image": "", "added_price": "222.00", "amount": "500", "product": 2, "created_at": "2022-04-24T21:10:31.470Z", "updated_at": "2022-04-24T21:10:31.470Z"}}, {"model": "core.processor", "pk": 1, "fields": {"title": "Core i5", "image": "", "added_price": "1000.00", "product": 1, "created_at": "2022-04-09T10:22:05.698Z", "updated_at": "2022-04-09T10:22:05.702Z"}}, {"model": "core.processor", "pk": 2, "fields": {"title": "Intel Core I5-12700H 8+6 Core Processor", "image": "", "added_price": "0.00", "product": 2, "created_at": "2022-04-09T13:50:50.085Z", "updated_at": "2022-04-09T13:50:50.085Z"}}, {"model": "core.processor", "pk": 3, "fields": {"title": "Intel Core I7-12700H 8+6 Core Processor", "image": "", "added_price": "500.00", "product": 2, "created_at": "2022-04-09T13:50:50.085Z", "updated_at": "2022-04-09T13:50:50.085Z"}}, {"model": "core.slider", "pk": 1, "fields": {"title": "Babat Noutbuklar Sizin Uchun", "description": "Bizim babat noutbuklarimiz butun oshlerinizi ashiracaq!", "image": "images/XO_-_The_Weeknd_-_Wallpaper_kisslandXoXOtheweeknd.jpeg", "btn_text": "Al getsin!", "btn_url": "https://edelws.ru/", "created_at": "2022-04-09T10:23:22.720Z", "updated_at": "2022-04-09T10:23:22.720Z"}}, {"model": "core.slider", "pk": 2, "fields": {"title": "Ikici sliderimiz", "description": "Buda onun descriptionu", "image": "images/4753bf49ad08154e29d4c0888ac4259c.jpeg", "btn_text": "Al getsin!", "btn_url": "https://edelws.ru/", "created_at": "2022-04-09T10:33:55.777Z", "updated_at": "2022-04-09T10:33:55.777Z"}}, {"model": "core.faq", "pk": 1, "fields": {"questions": "Hara gedirsen?", "answer": "eve"}}, {"model": "core.faq", "pk": 2, "fields": {"questions": "Sonata ya Cruze", "answer": "Namisli aile heyati"}}, {"model": "core.productversion", "pk": 7, "fields": {"product": 2, "ram": 5, "hdd": 1, "ssd": 1, "color": "", "processor": 2, "created_at": "2022-05-07T14:25:51.985Z", "updated_at": "2022-05-07T14:25:51.985Z"}}, {"model": "core.review", "pk": 1, "fields": {"author_name": "Ilham", "comments": "A.Y.E jiznka heyaat", "created_at": "2022-04-25T13:46:17.802Z", "updated_at": "2022-04-25T13:46:17.819Z"}}, {"model": "core.review", "pk": 2, "fields": {"author_name": "Murad", "comments": "HRM-ə giriş dərsi. Ya işi tut ya qızı)", "created_at": "2022-04-25T13:48:32.753Z", "updated_at": "2022-04-25T13:48:32.753Z"}}, {"model": "core.game", "pk": 1, "fields": {"title": "PUBG", "image": "images/2021-hyundai-sonata-n-line-exterior-front_2S4J58C.jpeg", "description": "Zor oyundu qaqa oynuyun butun gun", "slug": null, "products": [2]}}, {"model": "core.game", "pk": 2, "fields": {"title": "Cuberbang", "image": "images/colosseum.jpeg", "description": "qwewqeqwewqe", "slug": null, "products": [2]}}, {"model": "core.game", "pk": 3, "fields": {"title": "asdasdasd", "image": "images/Hyundai-представляет-спортивную-и-динамичную-модель-Sonata-N-Line-2021_4.jpeg", "description": "qwdqweqwewq", "slug": null, "products": [2]}}, {"model": "core.game", "pk": 4, "fields": {"title": "Geta Mais Emi", "image": "images/GTA-Vice-City-Remastered-mod.jpeg", "description": "zirtpiort", "slug": null, "products": [2]}}, {"model": "core.game", "pk": 5, "fields": {"title": "Gta Xirdalan (ortaliq usaginin hekayesi)", "image": "images/https___apptrigger.com_files_2021_10_GTAViceCity.jpg", "description": "menem zamin ortuluxdan qardasim", "slug": null, "products": [2]}}, {"model": "core.game", "pk": 6, "fields": {"title": "Gta-cruze", "image": "images/gta-cruize.jpeg", "description": "dettulu-metdulu", "slug": null, "products": [2]}}, {"model": "core.game", "pk": 7, "fields": {"title": "gta-sonata", "image": "images/gta-sonata.jpeg", "description": "detduru-metduru", "slug": null, "products": [2]}}, {"model": "core.game", "pk": 8, "fields": {"title": "gtae36", "image": "images/gtae36.jpeg", "description": "123213123", "slug": "gtae36-8", "products": [2]}}, {"model": "core.game", "pk": 9, "fields": {"title": "zipizpi", "image": "images/hyundai_sonata_2007_wallpapers_1.jpeg", "description": "qweweqw", "slug": "gta-sonata", "products": [2]}}]